id_usu,nom_pri,nom_sec,ape_pat,ape_mat,edad,ciudad,pais,telf,email,fecha_registro
1,Feliciana,Dani,Amaya,Llopis,58,Ceuta,Spain,+34 918196001,anselmaamor@flor.es,2022-10-04
2,Nydia,Ruth,Agudo,Cuervo,25,Guipúzcoa,Spain,+34 823 51 16 15,noemi07@hotmail.com,2021-06-14
3,Ágata,Reyes,Bermúdez,Marcos,19,Ourense,Spain,+34 721034131,wilfredo52@yahoo.com,2023-05-31
4,Hugo,Herminia,Lasa,Bellido,65,Murcia,Spain,+34743 27 64 83,grandepaca@gmail.com,2023-01-28
5,Salvador,Julio,Batalla,Galván,35,Castellón,Spain,+34876 72 42 38,xpujol@gmail.com,2021-07-26
6,Araceli,Ana,Bou,Arévalo,33,Burgos,Spain,+34926 91 66 97,carboisabel@hotmail.com,2022-08-29
7,María José,Felipa,Nieto,Cantón,32,Las Palmas,Spain,+34 707048281,ezequielpereira@gmail.com,2024-12-23
8,Melania,Ágata,Abascal,Morante,26,Albacete,Spain,+34 654 303 911,casaseduardo@hotmail.com,2024-06-07
9,Carmela,Fito,Landa,Álamo,65,Castellón,Spain,+34703465787,jafetbaro@almazan-grau.net,2020-06-14
10,Calisto,Laura,Barral,Granados,24,Alicante,Spain,+34 731 83 47 38,yherrero@ramirez-falcon.com,2021-03-20
11,Genoveva,Tomás,Pablo,Roda,61,Lleida,Spain,+34740 10 65 13,brunildasanabria@roca.org,2024-04-29
12,Josep,Sandra,Benet,Salazar,65,Almería,Spain,+34880 13 26 77,kbarral@abril-portero.org,2024-04-05
13,Lucho,Teo,Torrecilla,Cortina,52,Girona,Spain,+34 730980500,baudelioverdejo@gmail.com,2021-12-21
14,Bruno,Dulce,Bayo,Gutierrez,23,Baleares,Spain,+34723990916,hernando53@yahoo.com,2023-10-04
15,Eleuterio,Hilda,Marín,Sebastián,55,Valladolid,Spain,+34 720 799 118,eligio51@peiro.com,2024-02-13
16,Perla,Candelaria,Mate,Ángel,45,Sevilla,Spain,+34714124118,lope93@novoa.es,2022-07-12
17,Vicenta,Vilma,Azcona,Bru,20,Cuenca,Spain,+34 700 524 278,caparroscarlos@hotmail.com,2021-08-29
18,Caridad,Andrés Felipe,Peiró,Colomer,19,Barcelona,Spain,+34 704 505 331,pcortes@gmail.com,2021-11-24
19,Socorro,Seve,Amat,Escobar,23,Zamora,Spain,+34703 421 607,olgasegui@mayoral-goni.net,2020-08-04
20,Georgina,Guadalupe,Pujadas,Moya,31,Asturias,Spain,+34 858 68 50 14,antonio19@ojeda-mir.es,2024-09-27
21,David,Rogelio,Falcón,Iñiguez,32,Teruel,Spain,+34710 883 561,gracia14@hotmail.com,2023-01-08
22,Griselda,Sebastian,Morera,Quevedo,50,Navarra,Spain,+34 936629946,luciano36@montserrat.es,2022-03-17
23,Ariadna,Ainara,Doménech,Blazquez,56,Málaga,Spain,+34709 51 34 33,arteagajose-ignacio@beltran-sarabia.es,2025-04-15
24,Guiomar,Lina,Plana,Urrutia,19,Ciudad,Spain,+34 801632870,sastreeliseo@molins-salas.es,2025-01-19
25,Victor Manuel,Teófila,Cuenca,Taboada,53,Córdoba,Spain,+34 648734714,nico58@chacon.net,2023-08-26
26,Joaquina,Ezequiel,Gargallo,Baró,30,La Rioja,Spain,+34 738 76 03 66,atapia@martin-porta.es,2024-12-20
27,Mariana,Macaria,Giménez,Torrents,63,Cuenca,Spain,+34717 065 627,pradadora@amores.com,2024-04-26
28,Germán,Aureliano,Juan,Pinilla,59,Castellón,Spain,+34735 564 641,azorinpancho@gmail.com,2020-12-22
29,Mercedes,Florinda,Arjona,Anguita,62,Cantabria,Spain,+34 892 327 193,maria-fernanda52@hotmail.com,2021-05-13
30,Mayte,Olivia,Céspedes,Merino,52,Palencia,Spain,+34 849 663 193,remedios91@armengol.es,2020-12-23
31,Antonia,Flora,Nogueira,Alberola,44,Madrid,Spain,+34 746 572 628,bsola@hotmail.com,2022-09-03
32,Mohamed,Reyes,Higueras,Bolaños,32,León,Spain,+34 679965075,wgaray@nino-losa.org,2025-02-12
33,Agustín,Asunción,Feijoo,Boada,46,Toledo,Spain,+34707 837 770,ismael63@peinado-saenz.es,2024-01-04
34,Marcia,Carmelita,Muro,Ortiz,55,Cuenca,Spain,+34 714 31 35 18,inocenciotome@zamorano-luna.com,2022-01-16
35,Manu,Javi,Paniagua,Escobar,35,Álava,Spain,+34738 24 00 84,acalderon@luis.es,2023-04-16
36,Gerónimo,Aurelio,Iriarte,Tejedor,18,Asturias,Spain,+34871 902 294,diegorico@gonzalez.es,2024-02-27
37,Manuel,Rosalina,Romeu,Mayoral,28,Salamanca,Spain,+34613 34 12 32,abilioreal@soriano-manuel.com,2022-05-12
38,Luis,Lara,Luna,Santiago,62,Soria,Spain,+34 744936183,pascuala21@daza.org,2024-02-16
39,Edelmiro,Adelina,Mateu,Quevedo,45,Málaga,Spain,+34707719065,bravojenaro@hotmail.com,2025-04-14
40,Diana,Alfonso,Leon,Arjona,39,Lugo,Spain,+34874296717,uminguez@hotmail.com,2021-04-12
41,Rosa,Felipe,Murcia,Requena,35,Girona,Spain,+34706 80 71 54,quinterorosaura@hotmail.com,2020-05-26
42,Gema,Ruth,Sevilla,Reyes,27,Cantabria,Spain,+34859770348,urbano71@heras.com,2023-01-13
43,Carmen,Alberto,Raya,Buendía,31,Baleares,Spain,+34731 274 846,dhervas@hotmail.com,2021-08-15
44,Rodolfo,Graciano,Verdejo,Cerezo,39,Cuenca,Spain,+34705 840 449,victorianotome@yahoo.com,2023-03-21
45,Carmina,María Carmen,Pi,Sarabia,24,Cantabria,Spain,+34723 96 36 05,qpolo@hotmail.com,2021-09-07
46,Ana Sofía,Angelino,Cases,Vallés,23,Badajoz,Spain,+34721 870 262,vlanda@puga.es,2023-01-31
47,Eugenia,Lina,Torrents,Araujo,42,Ciudad,Spain,+34943 16 11 72,arteagamoreno@gmail.com,2022-11-20
48,Plinio,Reinaldo,Rosa,Coello,24,Melilla,Spain,+34709 222 196,oclemente@izquierdo-segura.org,2020-06-21
49,Trini,Nilda,Sola,Maestre,40,Asturias,Spain,+34725 946 474,gtomas@pizarro.es,2025-04-12
50,Manolo,Juana,Marquez,Almeida,40,Cuenca,Spain,+34 990 974 395,estelaiglesia@cerro.org,2024-02-21
51,Anastasio,Cruz,Patiño,Catalá,56,Girona,Spain,+34 726 23 28 58,jose-angeltirado@yahoo.com,2023-04-10
52,Nilda,Darío,Solís,Benet,34,Valladolid,Spain,+34 746851604,rpedrosa@juarez.com,2022-05-19
53,Adriana,Amador,Mosquera,Giralt,20,Santa Cruz de Tenerife,Spain,+34734 612 004,cabanillasjoel@hotmail.com,2021-07-18
54,Román,Wilfredo,Peláez,Rius,64,La Rioja,Spain,+34817 96 40 53,xguzman@gmail.com,2023-07-08
55,Candelas,Valeria,Palmer,Barrera,47,Cuenca,Spain,+34 721713900,edgardofuertes@gmail.com,2025-02-07
56,Hipólito,Delia,Garzón,Guijarro,52,Vizcaya,Spain,+34 890422842,catalaalbino@garate-morante.com,2021-11-15
57,Juan Manuel,Baldomero,Castañeda,Robledo,25,Valencia,Spain,+34 727 758 917,vazquezmarcial@anguita-barrera.es,2023-10-22
58,Teodosio,Itziar,Campoy,Trujillo,42,Asturias,Spain,+34 735 921 249,dmarino@hotmail.com,2024-01-19
59,Conrado,Nadia,Carbó,Garrido,23,León,Spain,+34 746576615,graciela45@gmail.com,2024-06-04
60,Bonifacio,Ciriaco,Blázquez,Buendía,53,Badajoz,Spain,+34652 80 98 85,qotero@aznar-maestre.org,2023-05-20
61,Cristóbal,Crescencia,Vera,Garcia,36,Sevilla,Spain,+34743 158 514,mamo@lastra.org,2023-01-07
62,África,Norberto,Orozco,Aguado,58,Burgos,Spain,+34726120183,vsantiago@gmail.com,2023-07-16
63,Mateo,Lorena,Morata,Blazquez,57,Burgos,Spain,+34 709014767,nllano@hotmail.com,2021-05-11
64,Onofre,Tito,Cantero,Luque,41,Melilla,Spain,+34704 03 69 00,hector24@mosquera-carretero.com,2024-08-15
65,Margarita,Tito,Echevarría,Castelló,54,Murcia,Spain,+34733 88 51 60,seguraafrica@gmail.com,2023-01-20
66,Coral,Timoteo,Quiroga,Rios,30,Baleares,Spain,+34805 297 516,tristanperez@bermudez.es,2022-04-11
67,Nazario,Melania,Diéguez,Benito,63,Melilla,Spain,+34935523124,eligiacoronado@benet.es,2025-03-09
68,Martirio,Cruz,Sanchez,Moraleda,22,Burgos,Spain,+34721 774 490,menendezinigo@yahoo.com,2020-09-16
69,Baudelio,Rafa,Madrid,Benítez,20,Salamanca,Spain,+34748679807,elodia78@barrio.com,2023-04-25
70,Lidia,Cesar,Vargas,Duque,60,Ciudad,Spain,+34737 78 89 25,roldan65@hotmail.com,2020-11-01
71,Montserrat,Evangelina,Nadal,Bastida,32,Badajoz,Spain,+34716449251,martin62@blazquez.es,2021-06-24
72,Herminia,Julia,Zurita,Bueno,36,Málaga,Spain,+34 605 42 35 73,fabianberenguer@cadenas-vera.com,2023-04-04
73,Sarita,María Dolores,Castro,Peñas,23,Cáceres,Spain,+34 719270653,marina73@hotmail.com,2022-06-05
74,Martin,Nydia,Somoza,Ferrera,32,Soria,Spain,+34727746886,nicolasachacon@azorin-terron.es,2025-02-08
75,Cristian,Leonor,Villalobos,Casanovas,24,Ávila,Spain,+34 704782613,amando60@yahoo.com,2024-08-29
76,Raúl,Jonatan,Polo,Bilbao,42,Ceuta,Spain,+34 851 522 047,nsanabria@bernad.org,2022-03-24
77,Petrona,Eutimio,Álamo,Rocha,35,Vizcaya,Spain,+34 703 41 03 69,canteropiedad@yahoo.com,2024-12-13
78,Alcides,Evelia,Villalba,Herranz,47,Girona,Spain,+34710 953 962,borja88@vera.es,2020-10-05
79,Fabiola,Roldán,Perea,Izaguirre,58,Huelva,Spain,+34 725 319 520,odalys27@hotmail.com,2024-06-17
80,Evangelina,Germán,Cepeda,Barroso,41,Alicante,Spain,+34 703 03 05 48,cisern@hotmail.com,2022-01-06
81,Lucho,Pepe,Asenjo,Mármol,28,Baleares,Spain,+34 666 76 52 77,nicolasa16@gmail.com,2024-01-20
82,Eligia,Pacífica,Escribano,Marin,41,Badajoz,Spain,+34 735 447 962,victoriano05@hotmail.com,2024-02-03
83,Leonardo,Feliciana,Barceló,Benavides,40,Huesca,Spain,+34920297021,porfirio69@corral.es,2023-07-19
84,Ramiro,Vicente,Benítez,Cervantes,31,La Coruña,Spain,+34 724 31 02 78,juarezmatilde@yahoo.com,2024-03-09
85,Iker,Emma,Machado,Tudela,60,Baleares,Spain,+34 917271551,renata22@yahoo.com,2024-09-19
86,Jacobo,Domingo,Font,Chamorro,35,Zamora,Spain,+34605 895 782,mendozaromulo@tejero.es,2025-04-13
87,Candelario,Edgardo,Molins,Benavent,62,Lleida,Spain,+34718 52 89 22,casanovaaura@gmail.com,2022-12-23
88,Fidel,Felix,Mora,Gomis,61,Melilla,Spain,+34 701 43 84 24,doracorrea@nebot.com,2020-08-19
89,Ceferino,Artemio,Landa,Galvez,59,Salamanca,Spain,+34907 84 47 36,sbeltran@gmail.com,2021-09-26
90,Valerio,Severo,Tomé,Sobrino,22,Guipúzcoa,Spain,+34742555625,jose-antonio71@sancho-huguet.com,2021-03-19
91,Aureliano,Luis Ángel,Plana,Ripoll,56,Cáceres,Spain,+34 729 53 27 87,anastasia01@yahoo.com,2024-09-09
92,Zacarías,Jose Angel,Garrido,Osorio,58,Almería,Spain,+34 707 97 48 01,sofialamas@hotmail.com,2023-07-03
93,María Cristina,Samuel,Paz,Arrieta,28,Almería,Spain,+34728358416,paola99@gmail.com,2021-06-26
94,Cleto,Rufino,Perea,Nicolau,52,Valladolid,Spain,+34 839868000,nilda78@company-villalba.com,2023-03-07
95,Emperatriz,Melchor,Cámara,Pozo,64,Palencia,Spain,+34 738 88 79 47,natanael16@mena.org,2025-04-24
96,Crescencia,Javier,Aznar,Tenorio,33,Melilla,Spain,+34996 23 09 13,amir@rey.net,2023-11-18
97,Angélica,Matilde,Soto,Barrios,28,Melilla,Spain,+34 738578652,carina54@hotmail.com,2024-07-05
98,Gregorio,Jose Manuel,Lorenzo,Martín,47,Granada,Spain,+34 703 75 75 84,pinoteresita@yahoo.com,2023-04-30
99,María Teresa,Nilda,Coll,Manrique,42,Girona,Spain,+34731 57 47 33,emigdio19@hotmail.com,2025-05-20
100,Jose,Jose Carlos,Ayuso,Gonzalez,35,Almería,Spain,+34 746 571 208,etamarit@flores.org,2020-11-22
